shipper_id,area_id,sns,name,phone,email,vehicle_plate,dose1_date,dose2_date,status
1,3,267-09-0613,"Demetre Downage",315-702-5159,ddownage0@google.co.uk,79v-914.94,2021-07-21,2021-10-06,Pending
2,13,782-70-1739,"Kaspar Briggs",855-871-5534,kbriggs1@gizmodo.com,68d-451.44,2021-08-13,2021-10-03,Busy
3,12,238-29-6333,"Agna Treversh",165-101-1729,atreversh2@utexas.edu,95z-137.98,2021-07-17,2021-09-10,Busy
4,17,121-84-3867,"Carlene Durrad",352-845-7221,cdurrad3@intel.com,88e-769.90,2021-07-05,2021-09-29,Busy
5,29,459-59-8880,"Shea Hagart",476-947-9049,shagart4@unblog.fr,69e-704.10,2021-08-01,2021-10-08,Off
6,7,680-41-5110,"Lorenza Mandrier",565-849-3872,lmandrier5@patch.com,94a-405.89,2021-08-07,2021-09-29,Pending
7,15,147-87-6132,"Agnese Trunchion",381-603-5325,atrunchion6@odnoklassniki.ru,20p-668.14,2021-07-01,2021-09-11,Busy
8,5,839-53-3526,"Deloris Winterton",942-896-5828,dwinterton7@dropbox.com,00x-680.48,2021-08-10,2021-10-05,Off
9,6,482-02-9874,"Madison Simmonite",539-412-6197,msimmonite8@admin.ch,05f-681.21,2021-07-05,2021-10-11,Pending
10,28,636-02-9667,"Fons Huard",495-896-2559,fhuard9@163.com,19a-086.83,2021-07-04,2021-09-29,Off
11,11,175-07-1065,"Hartley Dubique",580-975-7142,hdubiquea@mayoclinic.com,29o-960.91,2021-07-04,2021-10-07,Busy
12,20,479-59-5815,"Lorrayne Petrovykh",888-531-5067,lpetrovykhb@un.org,36h-130.77,2021-07-16,2021-09-29,Off
13,6,108-55-9045,"Patricia Outright",311-710-6903,poutrightc@omniture.com,75q-374.93,2021-07-08,2021-09-10,Busy
14,29,561-78-9275,"Ferrell Ansett",788-221-8593,fansettd@dailymail.co.uk,30d-903.91,2021-08-07,2021-09-14,Pending
15,15,392-73-4114,"Belinda Brandel",112-220-1409,bbrandele@mtv.com,07s-754.84,2021-07-13,2021-09-27,Off
16,20,619-82-3182,"Niel Nolleau",891-160-5650,nnolleauf@wikia.com,38y-993.74,2021-07-24,2021-09-14,Off
17,20,269-21-2228,"Jany Royal",923-972-6325,jroyalg@gravatar.com,65x-477.24,2021-07-18,2021-10-07,Busy
18,23,449-62-4898,"Sydelle Humphery",564-588-6813,shumpheryh@ask.com,39u-178.38,2021-07-25,2021-10-06,Off
19,26,862-56-3668,"Darrel Gaine",315-209-2037,dgainei@alibaba.com,63b-841.68,2021-07-28,2021-09-30,Busy
20,29,450-41-9315,"Cobby Chittem",719-739-4626,cchittemj@youtube.com,12i-177.65,2021-08-12,2021-09-20,Busy
21,9,233-49-9281,"Alwyn Bendall",885-512-0283,abendallk@privacy.gov.au,72u-158.76,2021-08-03,2021-09-16,Busy
22,25,376-54-2263,"Pansie Peare",632-546-6992,ppearel@oracle.com,26v-872.21,2021-07-06,2021-09-28,Pending
23,1,601-67-5629,"Brandy O'Lunney",690-667-1286,bolunneym@cloudflare.com,74k-750.13,2021-07-07,2021-09-27,Busy
24,25,826-09-2342,"Elicia Origan",975-963-1550,eorigann@ustream.tv,69g-983.78,2021-07-22,2021-09-22,Off
25,13,471-78-2149,"Pen MacComiskey",193-278-3693,pmaccomiskeyo@pagesperso-orange.fr,50n-257.54,2021-08-12,2021-09-27,Busy
26,23,763-38-1476,"Alison Currao",379-930-1613,acurraop@icio.us,25b-614.26,2021-07-31,2021-09-10,Busy
27,5,720-95-4844,"Sam Lambertazzi",154-812-6667,slambertazziq@msu.edu,33t-871.63,2021-08-13,2021-09-17,Busy
28,13,591-32-0470,"Korry Harland",520-183-1447,kharlandr@youtube.com,78e-875.52,2021-07-19,2021-09-13,Busy
29,14,830-55-3590,"Cordi Fudger",395-116-6830,cfudgers@seattletimes.com,70r-799.90,2021-08-01,2021-09-07,Busy
30,24,525-01-3485,"Francesca Lednor",314-727-5036,flednort@apple.com,97u-485.40,2021-08-06,2021-09-27,Pending
31,30,432-07-4577,"Rupert Legg",295-750-3779,rleggu@cam.ac.uk,52t-408.20,2021-07-17,2021-09-30,Busy
32,9,493-20-4879,"Jilly Betterton",569-170-5009,jbettertonv@acquirethisname.com,93b-257.40,2021-07-31,2021-09-18,Busy
33,9,289-40-6325,"Angus Nollet",580-469-6138,anolletw@behance.net,83u-127.25,2021-07-06,2021-10-01,Busy
34,28,664-30-5899,"Victoir Revell",416-252-9016,vrevellx@blogspot.com,79h-503.21,2021-08-10,2021-09-22,Pending
35,5,517-46-5275,"Therese Rallin",720-741-3645,tralliny@constantcontact.com,19j-815.53,2021-07-17,2021-09-29,Busy
36,28,150-22-1737,"Missy Swindley",971-379-0884,mswindleyz@admin.ch,73y-370.41,2021-07-16,2021-09-11,Busy
37,8,692-46-0201,"Darell Selcraig",785-635-7974,dselcraig10@pinterest.com,50p-461.38,2021-07-20,2021-09-21,Off
38,17,545-09-6312,"Clayson Goschalk",652-925-2256,cgoschalk11@java.com,30z-386.31,2021-08-11,2021-10-03,Off
39,8,896-09-4132,"Leilah Dolohunty",961-425-2443,ldolohunty12@biblegateway.com,26r-827.11,2021-08-05,2021-09-06,Off
40,30,138-06-7271,"Hadleigh Baert",247-456-4394,hbaert13@nature.com,63g-867.99,2021-08-05,2021-09-22,Busy
41,25,792-65-0555,"Simone Vaudrey",547-437-5286,svaudrey14@java.com,85f-864.81,2021-08-05,2021-09-29,Pending
42,18,463-56-7508,"Base Lindwall",615-127-7561,blindwall15@yale.edu,94p-321.75,2021-07-12,2021-09-30,Busy
43,23,265-92-3897,"Giraldo Antonioni",245-730-1399,gantonioni16@wp.com,10w-463.12,2021-07-01,2021-10-01,Off
44,3,138-60-1232,"Sheilakathryn Grant",811-306-7179,sgrant17@studiopress.com,66x-229.50,2021-08-05,2021-09-11,Off
45,11,726-61-5285,"Gwyn di Rocca",773-144-1696,gdi18@blogspot.com,20f-951.94,2021-07-31,2021-09-26,Busy
46,6,409-49-1562,"Brianna Mechi",473-774-1537,bmechi19@gov.uk,60t-327.25,2021-07-31,2021-09-23,Off
47,24,661-44-1658,"Burch Timmins",229-922-2915,btimmins1a@wired.com,50l-440.15,2021-08-13,2021-10-10,Off
48,21,515-67-7637,"Ardelle Capps",606-319-9240,acapps1b@studiopress.com,91s-184.80,2021-08-08,2021-09-13,Busy
49,8,240-10-6377,"Christopher Shortin",840-866-4808,cshortin1c@is.gd,06t-888.54,2021-07-18,2021-09-05,Off
50,8,608-53-5121,"Gerrie Marsland",681-828-4541,gmarsland1d@diigo.com,24n-600.46,2021-07-29,2021-09-07,Off
51,5,378-69-0738,"Vilhelmina O'Hara",912-534-3153,vohara1e@businessinsider.com,45c-716.41,2021-08-02,2021-09-11,Busy
52,17,211-20-1032,"Theresita Blomefield",731-554-6683,tblomefield1f@issuu.com,68s-283.91,2021-07-22,2021-09-19,Pending
53,14,699-79-5467,"Trev Bovis",989-859-2377,tbovis1g@zdnet.com,35u-315.35,2021-07-13,2021-10-08,Pending
54,6,706-36-1051,"Augusto Cufley",442-165-0067,acufley1h@netscape.com,17f-396.67,2021-07-17,2021-10-02,Busy
55,2,438-09-7066,"Dode Lightowlers",889-962-5145,dlightowlers1i@cam.ac.uk,25o-262.97,2021-07-19,2021-09-13,Off
56,20,490-95-4861,"Delila Curtain",777-741-7609,dcurtain1j@rediff.com,78y-784.92,2021-07-15,2021-10-04,Busy
57,1,221-27-3973,"Vivia Ledrane",858-849-1545,vledrane1k@icio.us,35x-683.89,2021-08-02,2021-09-25,Busy
58,15,456-36-2470,"Katharine Boyle",367-370-1053,kboyle1l@chron.com,69s-842.81,2021-07-25,2021-10-12,Busy
59,27,472-74-7885,"Roderic Dietz",405-840-6038,rdietz1m@de.vu,57l-523.93,2021-07-10,2021-10-05,Pending
60,28,172-20-2791,"Wilhelm Leall",594-606-3169,wleall1n@state.gov,51x-308.89,2021-07-25,2021-09-14,Pending
61,22,299-71-0701,"Beryle Davidek",593-357-0889,bdavidek1o@mozilla.com,76w-913.40,2021-07-06,2021-09-30,Off
62,14,216-05-4171,"Lucia Lafay",666-981-6567,llafay1p@msu.edu,63n-880.73,2021-07-19,2021-10-08,Off
63,8,847-25-4175,"Bette Paulou",658-184-0721,bpaulou1q@hud.gov,37b-421.53,2021-08-01,2021-09-09,Off
64,6,481-93-7794,"Joey Penchen",721-615-5830,jpenchen1r@cam.ac.uk,26v-796.15,2021-07-20,2021-09-13,Busy
65,1,125-98-0277,"Baird Ubee",861-603-7272,bubee1s@wufoo.com,11z-905.48,2021-08-05,2021-09-10,Off
66,10,590-81-9791,"Madelyn Farragher",654-798-8445,mfarragher1t@csmonitor.com,30u-015.57,2021-07-18,2021-09-20,Busy
67,18,334-09-7975,"Lemmie Beckerleg",678-174-6847,lbeckerleg1u@pinterest.com,27i-521.32,2021-08-05,2021-10-13,Busy
68,12,340-28-5158,"Katleen Mulliner",695-447-9892,kmulliner1v@craigslist.org,36i-637.28,2021-07-11,2021-10-03,Off
69,24,690-26-7564,"Augusto Tschursch",191-246-9352,atschursch1w@mlb.com,46g-021.55,2021-08-01,2021-10-02,Off
70,6,321-70-9021,"Patrick Czadla",174-160-5069,pczadla1x@devhub.com,39k-985.87,2021-08-09,2021-09-29,Off
71,11,657-41-2614,"Darbee Schouthede",905-736-6380,dschouthede1y@cpanel.net,05b-937.19,2021-08-08,2021-10-09,Busy
72,26,709-75-2396,"Forrest Ewells",156-644-0132,fewells1z@nifty.com,82j-006.96,2021-07-15,2021-10-14,Off
73,1,626-01-1154,"Edgar MacLoughlin",953-738-6062,emacloughlin20@dot.gov,55a-514.17,2021-07-10,2021-09-12,Off
74,23,607-35-6032,"Ros Eliaz",789-956-3873,reliaz21@redcross.org,35u-260.77,2021-07-11,2021-09-24,Off
75,12,796-95-2604,"Bunnie Colleton",616-330-9023,bcolleton22@wikispaces.com,98h-634.44,2021-07-29,2021-09-25,Off
76,20,241-45-1487,"Belia Lippitt",551-358-6177,blippitt23@ebay.com,30c-906.33,2021-07-29,2021-09-05,Off
77,18,327-76-3495,"Cher Ealam",898-899-7515,cealam24@artisteer.com,00x-101.48,2021-07-22,2021-10-10,Off
78,13,786-39-1186,"Hally Breewood",632-259-9929,hbreewood25@sourceforge.net,43i-659.72,2021-07-13,2021-09-06,Pending
79,22,580-19-0138,"Leesa Thurlborn",550-652-9630,lthurlborn26@apache.org,41p-980.44,2021-08-07,2021-09-15,Off
80,9,152-23-5417,"Carlina Dysart",888-199-2874,cdysart27@weibo.com,03p-608.04,2021-07-20,2021-09-14,Off
81,12,342-96-2482,"Ryun Christene",741-843-9339,rchristene28@xrea.com,50e-409.47,2021-07-19,2021-09-06,Busy
82,6,630-80-6053,"Tamra Getty",886-713-6654,tgetty29@reddit.com,42l-178.46,2021-08-13,2021-10-14,Pending
83,23,598-58-4457,"Roch Hrihorovich",801-918-5436,rhrihorovich2a@youtube.com,28d-836.56,2021-08-13,2021-09-11,Pending
84,21,484-04-5150,"Bartlet Garford",590-209-2789,bgarford2b@microsoft.com,08d-139.74,2021-07-06,2021-09-24,Pending
85,9,601-53-3125,"Liane Cotsford",580-539-3343,lcotsford2c@desdev.cn,57x-516.59,2021-08-10,2021-10-08,Off
86,25,598-47-0954,"Spencer Chittey",866-538-8487,schittey2d@yellowpages.com,75u-943.13,2021-07-09,2021-09-10,Busy
87,28,717-80-9160,"Gallagher Riby",442-114-8362,griby2e@freewebs.com,50y-489.85,2021-08-12,2021-10-10,Pending
88,24,470-94-8255,"Chickie Denson",335-203-5978,cdenson2f@columbia.edu,68h-887.18,2021-07-10,2021-10-10,Pending
89,28,187-58-6205,"Cindie Harken",226-804-2851,charken2g@hatena.ne.jp,33z-844.59,2021-07-14,2021-09-29,Off
90,28,622-86-0701,"Kennith Winchester",898-919-9281,kwinchester2h@intel.com,84z-189.02,2021-07-01,2021-10-08,Off
91,25,837-82-8773,"Bar Lealle",395-596-8242,blealle2i@harvard.edu,87s-135.80,2021-07-14,2021-09-16,Off
92,9,232-38-1872,"Collette Dunster",766-460-1934,cdunster2j@si.edu,77f-101.44,2021-08-09,2021-10-04,Pending
93,17,459-80-5337,"Pennie Linnell",687-192-7340,plinnell2k@ask.com,84n-154.09,2021-08-04,2021-09-07,Busy
94,13,844-57-8002,"Nicholas Grindlay",868-198-3174,ngrindlay2l@hc360.com,49e-306.36,2021-07-27,2021-10-02,Pending
95,27,618-32-4198,"Bastian Ingledow",434-642-2405,bingledow2m@newsvine.com,14e-939.82,2021-07-08,2021-10-08,Busy
96,15,881-57-8174,"Sherlocke Peplay",497-974-5790,speplay2n@senate.gov,09y-104.75,2021-07-04,2021-10-09,Pending
97,4,279-74-3227,"Fanni Lamswood",887-371-3781,flamswood2o@ovh.net,10a-628.96,2021-07-06,2021-09-11,Off
98,13,602-30-5271,"Smith Sinderland",255-254-3918,ssinderland2p@nydailynews.com,63u-015.58,2021-07-31,2021-10-10,Off
99,11,789-22-6687,"Timi Evins",862-788-4401,tevins2q@google.it,20l-674.78,2021-08-04,2021-09-07,Off
100,19,730-03-0673,"Lenard Wandrey",536-432-7453,lwandrey2r@wix.com,61p-776.17,2021-08-13,2021-09-28,Busy
101,6,730-47-8630,"Laurens Milam",564-486-2597,lmilam2s@oakley.com,08r-528.38,2021-08-14,2021-09-06,Off
102,1,882-66-6458,"Garret Abrahamian",456-147-8397,gabrahamian2t@tiny.cc,36t-969.11,2021-08-07,2021-09-21,Off
103,28,776-01-7084,"Darn Fullard",429-630-7296,dfullard2u@baidu.com,78v-536.35,2021-08-14,2021-09-28,Off
104,8,402-12-6366,"Hugh Bruffell",313-766-1714,hbruffell2v@nymag.com,82w-342.06,2021-07-15,2021-09-19,Off
105,15,788-18-4658,"Ruth Valerio",335-828-0945,rvalerio2w@mapy.cz,99u-687.57,2021-07-18,2021-09-10,Pending
106,24,658-14-5673,"Andromache Drain",545-565-4941,adrain2x@gravatar.com,62l-302.54,2021-08-01,2021-10-01,Pending
107,11,873-91-3273,"Saraann Simeoli",762-826-8532,ssimeoli2y@nps.gov,42j-111.51,2021-07-13,2021-09-12,Off
108,11,814-87-3453,"Rainer Tivnan",404-336-8825,rtivnan2z@blogspot.com,67r-590.64,2021-07-21,2021-10-05,Off
109,3,723-73-7319,"Brad Clutterham",701-807-1370,bclutterham30@newyorker.com,17e-262.78,2021-07-19,2021-10-07,Busy
110,24,535-19-8024,"Armand Leggatt",267-993-3693,aleggatt31@seattletimes.com,35w-266.25,2021-07-12,2021-09-07,Off
111,23,135-56-1025,"Boycie Sansom",303-572-2613,bsansom32@gizmodo.com,53z-429.91,2021-07-23,2021-09-11,Pending
112,5,809-65-9705,"Friedrick Billings",397-288-2888,fbillings33@about.com,25u-191.40,2021-07-17,2021-10-03,Pending
113,22,709-17-4338,"Joellen Housecraft",284-375-4857,jhousecraft34@salon.com,20n-727.52,2021-07-01,2021-09-21,Off
114,22,412-58-4941,"Eldin Ramalho",129-377-2337,eramalho35@plala.or.jp,67e-349.19,2021-07-25,2021-09-19,Pending
115,7,717-95-7928,"Oralle Cupitt",819-227-4081,ocupitt36@technorati.com,13w-122.22,2021-08-03,2021-09-08,Busy
116,19,643-84-6555,"Phyllida Fealey",476-516-9068,pfealey37@google.com.hk,04v-392.24,2021-07-20,2021-09-12,Busy
117,13,540-55-3616,"Avril Maryan",656-729-3401,amaryan38@yale.edu,28h-194.30,2021-07-22,2021-09-29,Busy
118,14,710-76-9770,"Gayelord Shrieve",908-316-9470,gshrieve39@4shared.com,21n-856.14,2021-07-04,2021-09-20,Pending
119,1,435-83-0939,"Sharron Romanet",197-317-4424,sromanet3a@addthis.com,15g-603.18,2021-07-28,2021-10-08,Off
120,27,792-76-9951,"Garrick MacEnelly",336-662-4757,gmacenelly3b@bravesites.com,84k-920.59,2021-08-13,2021-09-29,Off
121,17,101-74-7333,"Katheryn Gascoine",694-980-7855,kgascoine3c@blogs.com,75x-889.27,2021-07-15,2021-10-06,Busy
122,25,131-39-2784,"Bartholomeo Phizacklea",690-596-2332,bphizacklea3d@cmu.edu,59v-695.63,2021-07-05,2021-09-18,Busy
123,14,559-45-3537,"Davide Rycraft",462-312-0025,drycraft3e@springer.com,99j-087.20,2021-07-01,2021-10-02,Busy
124,15,723-21-8359,"Stern Chasteney",381-980-1129,schasteney3f@devhub.com,59r-604.25,2021-07-28,2021-10-04,Busy
125,17,244-99-2677,"Johny De Miranda",243-219-1853,jde3g@unblog.fr,18d-523.50,2021-08-12,2021-09-22,Pending
126,15,595-99-7975,"Maria Manville",501-578-5575,mmanville3h@java.com,71g-515.76,2021-08-14,2021-09-27,Pending
127,24,170-59-8033,"Rianon Kohrt",839-847-6448,rkohrt3i@examiner.com,31x-877.04,2021-07-05,2021-09-18,Busy
128,18,407-34-6502,"Arlena Colvill",601-624-1504,acolvill3j@narod.ru,08b-444.40,2021-07-01,2021-10-06,Off
129,6,579-93-6450,"Hertha Somerset",136-499-5031,hsomerset3k@reference.com,59e-875.33,2021-07-10,2021-09-18,Busy
130,29,780-66-1581,"Kingsly Jenkin",580-203-0329,kjenkin3l@alexa.com,26i-013.94,2021-07-14,2021-09-13,Busy
131,4,647-42-4791,"Darice Forsbey",890-340-4515,dforsbey3m@si.edu,24d-241.91,2021-08-09,2021-10-07,Busy
132,26,456-52-6434,"Ada Ivakhno",486-999-4763,aivakhno3n@acquirethisname.com,19i-003.94,2021-08-08,2021-09-12,Pending
133,16,483-66-6619,"Asia Ferreira",820-480-3704,aferreira3o@xing.com,58c-414.77,2021-08-08,2021-10-04,Busy
134,29,819-62-2125,"Andra Inker",687-428-3779,ainker3p@pagesperso-orange.fr,02p-940.18,2021-08-12,2021-10-07,Off
135,1,302-01-0271,"Viole Ketchaside",850-159-3924,vketchaside3q@oaic.gov.au,67f-497.37,2021-08-11,2021-09-12,Busy
136,16,105-58-9112,"Jocelyne Quarrie",626-839-0276,jquarrie3r@1und1.de,04z-795.64,2021-08-03,2021-09-17,Busy
137,3,509-11-3934,"Harland McKenny",595-131-3226,hmckenny3s@independent.co.uk,53k-189.86,2021-07-30,2021-09-19,Busy
138,21,563-47-7450,"Corenda Grimsdyke",647-599-1110,cgrimsdyke3t@surveymonkey.com,98q-963.03,2021-07-24,2021-09-12,Pending
139,14,653-53-5357,"Tallie Fairnington",691-712-7613,tfairnington3u@shinystat.com,51k-155.22,2021-07-30,2021-09-19,Busy
140,5,660-96-0947,"Roderick Whelpton",768-730-4013,rwhelpton3v@yahoo.co.jp,63g-997.11,2021-07-29,2021-09-28,Pending
141,6,554-84-9064,"Gennie Powdrell",823-486-7284,gpowdrell3w@blogspot.com,67a-134.59,2021-07-21,2021-09-09,Off
142,6,714-83-3093,"Caren Mault",394-589-6646,cmault3x@yale.edu,05a-208.59,2021-08-08,2021-10-14,Pending
143,17,364-32-5261,"Doro McBeth",642-324-4043,dmcbeth3y@odnoklassniki.ru,94f-363.11,2021-08-12,2021-09-19,Busy
144,9,768-95-1441,"Matthias Mathew",599-106-1278,mmathew3z@bbc.co.uk,68y-401.77,2021-07-14,2021-10-02,Pending
145,3,686-32-2718,"Thurstan Dewerson",413-232-4043,tdewerson40@dailymail.co.uk,54m-664.65,2021-08-11,2021-10-12,Busy
146,26,663-32-3826,"Baird Conerding",202-183-4369,bconerding41@prlog.org,00h-647.30,2021-07-24,2021-10-04,Pending
147,23,760-11-3351,"Reina Gallegos",116-657-3043,rgallegos42@ebay.com,86y-807.48,2021-08-14,2021-10-05,Off
148,4,185-57-7635,"Maryjo Teese",639-634-8188,mteese43@liveinternet.ru,28q-838.79,2021-08-14,2021-09-15,Busy
149,21,108-89-2586,"Oby Antoniutti",818-730-7425,oantoniutti44@infoseek.co.jp,14l-584.32,2021-07-04,2021-10-07,Busy
150,25,607-73-9206,"Lucilia Lewsley",740-647-8152,llewsley45@creativecommons.org,85c-270.31,2021-08-01,2021-10-13,Pending
151,9,215-32-4715,"Susette Skaife",114-717-6025,sskaife0@wiley.com,76i-354.14,2021-07-02,NULL,Pending
152,10,133-38-5885,"Kala Cottingham",404-468-2845,kcottingham1@meetup.com,66e-405.67,2021-07-01,NULL,Pending
153,26,621-89-6244,"Francklyn McGuff",991-421-3061,fmcguff2@gnu.org,99i-857.10,2021-08-08,NULL,Off
154,29,123-02-9752,"Gawain Horley",607-145-8151,ghorley3@altervista.org,31x-807.13,2021-07-31,NULL,Pending
155,5,607-07-4990,"Garald Duding",326-532-5507,gduding4@wikia.com,00b-240.00,2021-07-31,NULL,Off
156,16,828-50-2719,"Vivyan Thorneywork",926-154-9720,vthorneywork5@statcounter.com,27p-666.50,2021-07-11,NULL,Pending
157,16,837-34-5669,"Jasper Thurstan",446-804-1135,jthurstan6@yahoo.com,94s-245.29,2021-07-27,NULL,Off
158,8,244-79-1590,"Kendrick Crombie",790-979-2069,kcrombie7@sun.com,27g-988.21,2021-07-13,NULL,Busy
159,15,826-07-7822,"Shandee Etchingham",131-579-0205,setchingham8@ow.ly,37l-817.10,2021-08-14,NULL,Pending
160,29,589-39-1202,"Hewitt Goodee",163-776-6848,hgoodee9@whitehouse.gov,07a-478.38,2021-07-04,NULL,Pending
161,19,854-90-0167,"Carlie Jedrzejkiewicz",820-566-8640,cjedrzejkiewicza@shop-pro.jp,04b-010.28,2021-07-30,NULL,Pending
162,3,282-71-3105,"Creighton Sawer",940-291-2154,csawerb@blogtalkradio.com,93c-286.04,2021-07-25,NULL,Pending
163,17,529-79-1399,"Axel Blown",356-965-0217,ablownc@unblog.fr,77f-998.73,2021-07-14,NULL,Busy
164,6,895-63-8311,"Brandy Wallas",918-835-7384,bwallasd@digg.com,54m-278.42,2021-07-31,NULL,Pending
165,8,220-46-2222,"Gianni A'Barrow",553-155-4564,gabarrowe@wunderground.com,36r-266.58,2021-08-13,NULL,Off
166,27,692-72-1859,"Wallie Pritchard",207-778-0081,wpritchardf@hexun.com,08f-177.76,2021-08-12,NULL,Off
167,3,372-95-4465,"Orelie Fry",183-548-8630,ofryg@godaddy.com,68d-967.47,2021-08-03,NULL,Busy
168,23,171-80-6286,"Jackie Meijer",884-788-3415,jmeijerh@livejournal.com,03y-944.74,2021-07-30,NULL,Busy
169,18,608-19-5293,"Chico Finn",598-973-8035,cfinni@cpanel.net,98g-180.00,2021-07-10,NULL,Off
170,18,502-24-6160,"Walther Geraldo",398-202-0580,wgeraldoj@delicious.com,08t-418.59,2021-07-27,NULL,Off
171,8,756-57-6369,"Simmonds Skelhorn",600-508-5714,sskelhornk@last.fm,97e-430.31,2021-07-25,NULL,Off
172,17,642-61-0831,"Gae Spradbrow",306-656-1559,gspradbrowl@unicef.org,67e-538.10,2021-07-04,NULL,Off
173,25,745-86-2794,"Arturo Hush",893-358-8072,ahushm@jugem.jp,05t-810.34,2021-07-22,NULL,Pending
174,23,436-31-6230,"Hunter Pentycross",148-321-2961,hpentycrossn@ow.ly,43g-777.08,2021-08-09,NULL,Busy
175,26,626-69-7475,"Wilhelmine Berthod",992-694-2492,wberthodo@apple.com,48h-211.52,2021-08-14,NULL,Busy
176,19,369-30-0645,"Donelle Meggison",497-409-8159,dmeggisonp@chron.com,37m-616.84,2021-07-14,NULL,Off
177,7,879-38-3413,"Georgie Gerrish",190-470-9559,ggerrishq@wikimedia.org,27d-999.35,2021-07-11,NULL,Off
178,26,602-52-4866,"Magda Bolles",154-165-4255,mbollesr@storify.com,42d-421.98,2021-07-15,NULL,Off
179,17,711-78-8138,"Syd Francie",709-640-5683,sfrancies@unblog.fr,62q-245.32,2021-07-14,NULL,Off
180,10,414-71-0098,"Richard Lindenblatt",838-929-2714,rlindenblattt@examiner.com,52s-172.23,2021-07-11,NULL,Pending
181,5,228-64-5589,"Margret Robker",490-863-5164,mrobkeru@domainmarket.com,65q-276.79,2021-07-08,NULL,Pending
182,20,624-07-8402,"Lonee Idwal Evans",547-605-5669,lidwalv@privacy.gov.au,80d-417.90,2021-08-01,NULL,Pending
183,1,838-65-7739,"Panchito Dibnah",461-924-4042,pdibnahw@technorati.com,87n-048.15,2021-07-25,NULL,Busy
184,14,730-54-9251,"Gaby Edinborough",111-971-1874,gedinboroughx@myspace.com,75e-245.70,2021-08-10,NULL,Pending
185,19,108-74-9397,"Rosella MacConnel",497-387-8349,rmacconnely@miibeian.gov.cn,30a-931.13,2021-07-29,NULL,Busy
186,25,751-40-7378,"Wilburt Frankes",379-291-3081,wfrankesz@acquirethisname.com,97g-012.13,2021-08-03,NULL,Pending
187,2,414-95-7107,"Joli Maybury",528-522-9700,jmaybury10@census.gov,01b-039.70,2021-07-28,NULL,Off
188,9,407-61-2470,"Robbi Acedo",617-618-7452,racedo11@wunderground.com,80z-053.30,2021-07-08,NULL,Busy
189,24,541-12-6620,"Yasmin Manes",157-639-0515,ymanes12@usda.gov,51j-461.25,2021-07-03,NULL,Busy
190,16,339-90-0655,"Audrey Pennycuick",587-428-0791,apennycuick13@netscape.com,25z-104.05,2021-08-03,NULL,Off
191,23,160-71-0555,"Johan Peasnone",451-269-8005,jpeasnone14@joomla.org,64y-292.40,2021-08-07,NULL,Pending
192,16,881-02-6252,"Maryjo Josef",992-936-5513,mjosef15@google.com.hk,59o-484.66,2021-07-04,NULL,Off
193,18,501-87-1630,"Arny Macauley",714-433-9995,amacauley16@flickr.com,58f-151.23,2021-07-10,NULL,Pending
194,21,643-10-2822,"Leland Longmead",185-554-6601,llongmead17@theguardian.com,12d-994.58,2021-07-10,NULL,Off
195,17,638-44-3028,"Tamas Hallatt",221-399-9854,thallatt18@cbsnews.com,89r-879.22,2021-07-27,NULL,Busy
196,29,144-62-0719,"Barty MacNucator",294-366-3289,bmacnucator19@booking.com,59s-550.81,2021-07-12,NULL,Busy
197,1,619-81-2703,"Suki Braidwood",848-559-2859,sbraidwood1a@macromedia.com,53f-678.71,2021-08-06,NULL,Pending
198,16,317-23-8175,"Ashlie Claworth",968-895-4322,aclaworth1b@jimdo.com,50c-767.62,2021-08-13,NULL,Off
199,10,592-81-1852,"Nadiya Jonathon",308-324-4320,njonathon1c@chronoengine.com,87v-904.65,2021-07-22,NULL,Pending
200,6,701-10-5152,"Rodie Babbage",814-721-7467,rbabbage1d@joomla.org,91d-648.91,2021-08-11,NULL,Off
202,2,201240092,Toan,0914080277,nguyenkhanhtoan@vnpt.vn,43A-483-83,2021-07-21,2021-10-06,Pending
